nappi_code,method,atc_code,atc_class_desc,confidence,source_field,source_value,alternatives
714467,combo,N02BE51,"paracetamol, combinations excl. psycholeptics",0.6667,generic_name,Paracetamol + Aspirin + Caffeine,
3002116,exact,C01EB16,ibuprofen,1.0000,generic_name,Ibuprofen,G02CC01:ibuprofen|M01AE01:ibuprofen|M02AA13:ibuprofen|R02AX02:ibuprofen
711618,exact,C01EB16,ibuprofen,1.0000,generic_name,Ibuprofen,G02CC01:ibuprofen|M01AE01:ibuprofen|M02AA13:ibuprofen|R02AX02:ibuprofen
707037,combo,C01EB16,ibuprofen,0.5000,generic_name,Ibuprofen + Paracetamol,PARTIAL: only matched first of 2 ingredients (ibuprofen). Other ingredients: paracetamol
707636,exact,D11AX18,diclofenac,1.0000,generic_name,Diclofenac,M01AB05:diclofenac|M02AA15:diclofenac|S01BC03:diclofenac
701411,combo,J01CA04,amoxicillin,0.5000,generic_name,Amoxicillin + Clavulanic Acid,PARTIAL: only matched first of 2 ingredients (amoxicillin). Other ingredients: clavulanic acid
705407,exact,J01FA10,azithromycin,1.0000,generic_name,Azithromycin,S01AA26:azithromycin
700551,exact,G02CC02,naproxen,1.0000,generic_name,Naproxen,M01AE02:naproxen|M02AA12:naproxen
716228,fuzzy,L01DB03,epirubicin,0.7000,generic_name,Epirubicin 10 Vial 5ml,TOKEN_MATCH: epirubicin
716239,fuzzy,L01DB03,epirubicin,0.7000,generic_name,Epirubicin 50 Vial 25ml,TOKEN_MATCH: epirubicin
713874,fuzzy,L01BC05,gemcitabine,0.7000,generic_name,Gemcitabine Powder For Reconstitution 10ml Vial,TOKEN_MATCH: gemcitabine
713873,fuzzy,L01BC05,gemcitabine,0.7000,generic_name,Gemcitabine Powder For Reconstitution 50ml Vial,TOKEN_MATCH: gemcitabine
712603,fuzzy,L01CE02,irinotecan,0.7000,generic_name,Irinotecan 2ml Vial,TOKEN_MATCH: irinotecan
712872,fuzzy,L01CE02,irinotecan,0.7000,generic_name,Irinotecan 5ml Vial,TOKEN_MATCH: irinotecan
713432,fuzzy,L01CA02,vincristine,0.7000,generic_name,Vincristine 2ml Vial,TOKEN_MATCH: vincristine
711367,fuzzy,L01XA02,carboplatin,0.7000,generic_name,Carboplatin Vial 15ml,TOKEN_MATCH: carboplatin
711368,fuzzy,L01XA02,carboplatin,0.7000,generic_name,Carboplatin Vial 45ml,TOKEN_MATCH: carboplatin
249561,fuzzy,B05CX01,glucose,0.7000,generic_name,Accu check test strip glucose active,"TOKEN_MATCH (multi): B05CX01:glucose|V04CA02:glucose|V06DC01:glucose|C05BB56:glucose, combinations"
264098,fuzzy,B05CX01,glucose,0.7000,generic_name,Accu check test strip glucose instant,"TOKEN_MATCH (multi): B05CX01:glucose|V04CA02:glucose|V06DC01:glucose|C05BB56:glucose, combinations"
703853,fuzzy,C04AC02,nicotinyl alcohol (pyridylcarbinol),0.7000,generic_name,Acuflu p (alcohol and sugar free),TOKEN_MATCH (multi): C04AC02:nicotinyl alcohol (pyridylcarbinol)|C10AD05:nicotinyl alcohol (pyridylcarbinol)|P03AX06:benzyl alcohol|R02AA03:dichlorobenzyl alcohol
715992,fuzzy,J05AF05,lamivudine,0.7000,generic_name,Lamivudine & Zidovudine 150mg/300mg,"TOKEN_MATCH (multi): J05AF05:lamivudine|J05AR01:zidovudine and lamivudine|J05AR02:lamivudine and abacavir|J05AR04:zidovudine, lamivudine and abacavir|J05AR05:zidovudine, lamivudine and nevirapine|J05AR07:stavudine, lamivudine and nevirapine|J05AR11:lamivudine, tenofovir disoproxil and efavirenz|J05AR12:lamivudine and tenofovir disoproxil|J05AR13:lamivudine, abacavir and dolutegravir|J05AR16:lamivudine and raltegravir|J05AR24:lamivudine, tenofovir disoproxil and doravirine|J05AR25:lamivudine and dolutegravir|J05AR27:lamivudine, tenofovir disoproxil and dolutegravir|J05AR28:stavudine and lamivudine|J05AF01:zidovudine"
856134,fuzzy,A03FA01,metoclopramide,0.7000,generic_name,Metoclopramide Amp 2ml,TOKEN_MATCH: metoclopramide
716381,exact,A01AC04,prednisolone,1.0000,generic_name,Prednisolone,A07EA01:prednisolone|C05AA04:prednisolone|D07AA03:prednisolone|D07XA02:prednisolone|H02AB06:prednisolone|R01AD02:prednisolone|S01BA04:prednisolone|S01CB02:prednisolone|S02BA03:prednisolone|S03BA02:prednisolone
715993,fuzzy,J05AF07,tenofovir disoproxil,0.7000,generic_name,Tenofovir,"TOKEN_MATCH (multi): J05AF07:tenofovir disoproxil|J05AF13:tenofovir alafenamide|J05AR03:tenofovir disoproxil and emtricitabine|J05AR06:emtricitabine, tenofovir disoproxil and efavirenz|J05AR08:emtricitabine, tenofovir disoproxil and rilpivirine|J05AR09:emtricitabine, tenofovir disoproxil, elvitegravir and cobicistat|J05AR11:lamivudine, tenofovir disoproxil and efavirenz|J05AR12:lamivudine and tenofovir disoproxil|J05AR17:emtricitabine and tenofovir alafenamide|J05AR18:emtricitabine, tenofovir alafenamide, elvitegravir and cobicistat|J05AR19:emtricitabine, tenofovir alafenamide and rilpivirine|J05AR20:emtricitabine, tenofovir alafenamide and bictegravir|J05AR22:emtricitabine, tenofovir alafenamide, darunavir and cobicistat|J05AR24:lamivudine, tenofovir disoproxil and doravirine|J05AR27:lamivudine, tenofovir disoproxil and dolutegravir|J05AR29:emtricitabine, tenofovir alafenamide and dolutegravir"
780561,exact,D10AF02,erythromycin,1.0000,generic_name,Erythromycin,J01FA01:erythromycin|S01AA17:erythromycin
742872,exact,A01AB17,metronidazole,1.0000,generic_name,Metronidazole,D06BX01:metronidazole|G01AF01:metronidazole|J01XD01:metronidazole|P01AB01:metronidazole
893391,fuzzy,D11AX18,diclofenac,0.7000,generic_name,A-lennon diclofenac,"TOKEN_MATCH (multi): D11AX18:diclofenac|M01AB05:diclofenac|M02AA15:diclofenac|S01BC03:diclofenac|M01AB55:diclofenac, combinations|S01CC01:diclofenac and antiinfectives"
893390,fuzzy,D11AX18,diclofenac,0.7000,generic_name,A-lennon diclofenac,"TOKEN_MATCH (multi): D11AX18:diclofenac|M01AB05:diclofenac|M02AA15:diclofenac|S01BC03:diclofenac|M01AB55:diclofenac, combinations|S01CC01:diclofenac and antiinfectives"
893402,fuzzy,A01AB22,doxycycline,0.7000,generic_name,A-lennon doxycycline hcl,TOKEN_MATCH (multi): A01AB22:doxycycline|J01AA02:doxycycline
800511,fuzzy,D04AA02,mepyramine,0.7000,generic_name,Allergex mepyramine (was mepyrimal),TOKEN_MATCH (multi): D04AA02:mepyramine|R06AC01:mepyramine|R03DA12:mepyramine theophyllinacetate
738778,fuzzy,M04AA01,allopurinol,0.7000,generic_name,Allopurinol 100 cipla,"TOKEN_MATCH (multi): M04AA01:allopurinol|M04AA51:allopurinol, combinations"
738786,fuzzy,M04AA01,allopurinol,0.7000,generic_name,Allopurinol 300 cipla,"TOKEN_MATCH (multi): M04AA01:allopurinol|M04AA51:allopurinol, combinations"
700205,fuzzy,P03AX01,benzyl benzoate,0.7000,generic_name,Alpha benzyl benzoate application,TOKEN_MATCH (multi): P03AX01:benzyl benzoate|P03AX06:benzyl alcohol|A16AX11:sodium benzoate|A16AX30:sodium benzoate and sodium phenylacetate|V04CG30:caffeine and sodium benzoate
3002709,fuzzy,N06AA09,amitriptyline,0.7000,generic_name,Amitriptyline 10 mg austell,TOKEN_MATCH (multi): N06AA09:amitriptyline|N06CA01:amitriptyline and psycholeptics
723784,fuzzy,C08CA01,amlodipine,0.7000,generic_name,Amlodipine unicorn,"TOKEN_MATCH (multi): C08CA01:amlodipine|C07FB07:bisoprolol and amlodipine|C07FB12:nebivolol and amlodipine|C07FB13:metoprolol and amlodipine|C08CA51:amlodipine and celecoxib|C08GA02:amlodipine and diuretics|C09BB03:lisinopril and amlodipine|C09BB04:perindopril and amlodipine|C09BB07:ramipril and amlodipine|C09BB13:benazepril and amlodipine|C09BB14:zofenopril and amlodipine|C09BX01:perindopril, amlodipine and indapamide|C09BX03:ramipril, amlodipine and hydrochlorothiazide|C09BX04:perindopril, bisoprolol and amlodipine|C09BX06:perindopril, bisoprolol, amlodipine and indapamide|C09DB01:valsartan and amlodipine|C09DB02:olmesartan medoxomil and amlodipine|C09DB04:telmisartan and amlodipine|C09DB05:irbesartan and amlodipine|C09DB06:losartan and amlodipine|C09DB07:candesartan and amlodipine|C09DB09:fimasartan and amlodipine|C09DX01:valsartan, amlodipine and hydrochlorothiazide|C09DX03:olmesartan medoxomil, amlodipine and hydrochlorothiazide|C09DX06:candesartan, amlodipine and hydrochlorothiazide|C09DX07:irbesartan, amlodipine and hydrochlorothiazide|C09DX08:telmisartan, amlodipine and hydrochlorothiazide|C09DX09:candesartan, amlodipine and indapamide|C09XA53:aliskiren and amlodipine|C09XA54:aliskiren, amlodipine and hydrochlorothiazide|C10BX03:atorvastatin and amlodipine|C10BX07:rosuvastatin, amlodipine and lisinopril|C10BX09:rosuvastatin and amlodipine|C10BX11:atorvastatin, amlodipine and perindopril|C10BX14:rosuvastatin, amlodipine and perindopril|C10BX18:atorvastatin, amlodipine and ramipril|C10BX19:atorvastatin, amlodipine and candesartan|C10BX23:rosuvastatin, amlodipine and ramipril|C10BX24:rosuvastatin, amlodipine and telmisartan"
723783,fuzzy,C08CA01,amlodipine,0.7000,generic_name,Amlodipine unicorn,"TOKEN_MATCH (multi): C08CA01:amlodipine|C07FB07:bisoprolol and amlodipine|C07FB12:nebivolol and amlodipine|C07FB13:metoprolol and amlodipine|C08CA51:amlodipine and celecoxib|C08GA02:amlodipine and diuretics|C09BB03:lisinopril and amlodipine|C09BB04:perindopril and amlodipine|C09BB07:ramipril and amlodipine|C09BB13:benazepril and amlodipine|C09BB14:zofenopril and amlodipine|C09BX01:perindopril, amlodipine and indapamide|C09BX03:ramipril, amlodipine and hydrochlorothiazide|C09BX04:perindopril, bisoprolol and amlodipine|C09BX06:perindopril, bisoprolol, amlodipine and indapamide|C09DB01:valsartan and amlodipine|C09DB02:olmesartan medoxomil and amlodipine|C09DB04:telmisartan and amlodipine|C09DB05:irbesartan and amlodipine|C09DB06:losartan and amlodipine|C09DB07:candesartan and amlodipine|C09DB09:fimasartan and amlodipine|C09DX01:valsartan, amlodipine and hydrochlorothiazide|C09DX03:olmesartan medoxomil, amlodipine and hydrochlorothiazide|C09DX06:candesartan, amlodipine and hydrochlorothiazide|C09DX07:irbesartan, amlodipine and hydrochlorothiazide|C09DX08:telmisartan, amlodipine and hydrochlorothiazide|C09DX09:candesartan, amlodipine and indapamide|C09XA53:aliskiren and amlodipine|C09XA54:aliskiren, amlodipine and hydrochlorothiazide|C10BX03:atorvastatin and amlodipine|C10BX07:rosuvastatin, amlodipine and lisinopril|C10BX09:rosuvastatin and amlodipine|C10BX11:atorvastatin, amlodipine and perindopril|C10BX14:rosuvastatin, amlodipine and perindopril|C10BX18:atorvastatin, amlodipine and ramipril|C10BX19:atorvastatin, amlodipine and candesartan|C10BX23:rosuvastatin, amlodipine and ramipril|C10BX24:rosuvastatin, amlodipine and telmisartan"
701383,fuzzy,J01CA04,amoxicillin,0.7000,generic_name,Amoxicillin unimed,"TOKEN_MATCH (multi): J01CA04:amoxicillin|A02BD01:omeprazole, amoxicillin and metronidazole|A02BD03:lansoprazole, amoxicillin and metronidazole|A02BD04:pantoprazole, amoxicillin and clarithromycin|A02BD05:omeprazole, amoxicillin and clarithromycin|A02BD06:esomeprazole, amoxicillin and clarithromycin|A02BD07:lansoprazole, amoxicillin and clarithromycin|A02BD10:lansoprazole, amoxicillin and levofloxacin|A02BD11:pantoprazole, amoxicillin, clarithromycin and metronidazole|A02BD12:rabeprazole, amoxicillin and clarithromycin|A02BD13:rabeprazole, amoxicillin and metronidazole|A02BD14:vonoprazan, amoxicillin and clarithromycin|A02BD15:vonoprazan, amoxicillin and metronidazole|A02BD16:omeprazole, amoxicillin and rifabutin|A02BD17:vonoprazan and amoxicillin|J01CR02:amoxicillin and beta-lactamase inhibitor"
701380,fuzzy,J01CA04,amoxicillin,0.7000,generic_name,Amoxicillin unimed,"TOKEN_MATCH (multi): J01CA04:amoxicillin|A02BD01:omeprazole, amoxicillin and metronidazole|A02BD03:lansoprazole, amoxicillin and metronidazole|A02BD04:pantoprazole, amoxicillin and clarithromycin|A02BD05:omeprazole, amoxicillin and clarithromycin|A02BD06:esomeprazole, amoxicillin and clarithromycin|A02BD07:lansoprazole, amoxicillin and clarithromycin|A02BD10:lansoprazole, amoxicillin and levofloxacin|A02BD11:pantoprazole, amoxicillin, clarithromycin and metronidazole|A02BD12:rabeprazole, amoxicillin and clarithromycin|A02BD13:rabeprazole, amoxicillin and metronidazole|A02BD14:vonoprazan, amoxicillin and clarithromycin|A02BD15:vonoprazan, amoxicillin and metronidazole|A02BD16:omeprazole, amoxicillin and rifabutin|A02BD17:vonoprazan and amoxicillin|J01CR02:amoxicillin and beta-lactamase inhibitor"
3007599,fuzzy,B01AF02,apixaban,0.7000,generic_name,Apixaban 2.5 accord,TOKEN_MATCH: apixaban
3007954,fuzzy,B01AF02,apixaban,0.7000,generic_name,Apixaban 2.5 drl,TOKEN_MATCH: apixaban
3007602,fuzzy,B01AF02,apixaban,0.7000,generic_name,Apixaban 5 accord,TOKEN_MATCH: apixaban
3007955,fuzzy,B01AF02,apixaban,0.7000,generic_name,Apixaban 5 drl,TOKEN_MATCH: apixaban
885588,fuzzy,P03AX01,benzyl benzoate,0.7000,generic_name,App benzyl benz - Allied,TOKEN_MATCH (multi): P03AX01:benzyl benzoate|P03AX06:benzyl alcohol
707716,fuzzy,P03AX01,benzyl benzoate,0.7000,generic_name,App benzyl benz bpc,TOKEN_MATCH (multi): P03AX01:benzyl benzoate|P03AX06:benzyl alcohol
3002611,fuzzy,A04AD12,aprepitant,0.7000,generic_name,Aprepitant combipack eurolab (1x125mg cap & 2x80mg cap),TOKEN_MATCH: aprepitant
3002605,fuzzy,A04AD12,aprepitant,0.7000,generic_name,Aprepitant eurolab,TOKEN_MATCH: aprepitant
3002610,fuzzy,A04AD12,aprepitant,0.7000,generic_name,Aprepitant eurolab,TOKEN_MATCH: aprepitant
3005042,fuzzy,C07AB03,atenolol,0.7000,generic_name,Atenolol 100 arya,"TOKEN_MATCH (multi): C07AB03:atenolol|C07AB11:s-atenolol|C07BB03:atenolol and thiazides|C07CB03:atenolol and other diuretics|C07CB53:atenolol and other diuretics, combinations|C07DB01:atenolol, thiazides and other diuretics|C07FB03:atenolol and nifedipine"
3005041,fuzzy,C07AB03,atenolol,0.7000,generic_name,Atenolol 50 arya,"TOKEN_MATCH (multi): C07AB03:atenolol|C07AB11:s-atenolol|C07BB03:atenolol and thiazides|C07CB03:atenolol and other diuretics|C07CB53:atenolol and other diuretics, combinations|C07DB01:atenolol, thiazides and other diuretics|C07FB03:atenolol and nifedipine"
704351,exact,J01MA02,ciprofloxacin,1.0000,generic_name,Ciprofloxacin,S01AE03:ciprofloxacin|S02AA15:ciprofloxacin|S03AA07:ciprofloxacin
717070,fuzzy,C09CA01,losartan,0.7000,generic_name,Losartan Co 50mg/12.5mg,TOKEN_MATCH (multi): C09CA01:losartan|C09DA01:losartan and diuretics|C09DB06:losartan and amlodipine
3002433,fuzzy,L01BC07,azacitidine,0.7000,generic_name,Azacitidine drl powder for injection vial,TOKEN_MATCH: azacitidine
712609,fuzzy,L04AX01,azathioprine,0.7000,generic_name,Azathioprine 50 pch,TOKEN_MATCH: azathioprine
3002137,fuzzy,J01FA10,azithromycin,0.7000,generic_name,Azithromycin 500 biotech,"TOKEN_MATCH (multi): J01FA10:azithromycin|S01AA26:azithromycin|J01RA07:azithromycin, fluconazole and secnidazole|J01RA16:cefixime and azithromycin"
717217,fuzzy,D08AG02,povidone-iodine,0.7000,generic_name,Barrs povidone-iodine,TOKEN_MATCH (multi): D08AG02:povidone-iodine|D09AA09:povidone-iodine|D11AC06:povidone-iodine|G01AX11:povidone-iodine|R02AA15:povidone-iodine|S01AX18:povidone-iodine|D08AG03:iodine|B03AA11:ferrous iodine|D03AX01:cadexomer iodine|D08AG01:iodine/octylphenoxypolyglycolether|H03AA51:levothyroxine sodium and iodine compounds|V09AB01:iodine iofetamine (123I)|V09AB02:iodine iolopride (123I)|V09AB03:iodine ioflupane (123I)|V09AX03:iodine (124I) 2beta-carbomethoxy-3beta-(4 iodophenyl)-tropane|V09GB02:iodine (125I) human albumin|V09IX03:iodine (125I) CC49-monoclonal antibody|V09XA01:iodine (131I) norcholesterol|V09XA03:iodine (131I) human albumin|V10XA03:iodine (131I) omburtamab|V10XA04:iodine (131I) apamistamab|V10XA53:tositumomab/iodine (131I) tositumomab
3000245,fuzzy,P03AX01,benzyl benzoate,0.7000,generic_name,Benzyl benzoate bp,TOKEN_MATCH (multi): P03AX01:benzyl benzoate|P03AX06:benzyl alcohol|A16AX11:sodium benzoate|A16AX30:sodium benzoate and sodium phenylacetate|V04CG30:caffeine and sodium benzoate
788783,fuzzy,A07EA03,prednisone,0.7000,generic_name,Be-tabs prednisone,TOKEN_MATCH (multi): A07EA03:prednisone|H02AB07:prednisone
3005004,fuzzy,L02BB03,bicalutamide,0.7000,generic_name,Bicalutamide 150 accord,TOKEN_MATCH (multi): L02BB03:bicalutamide|L02AE51:leuprorelin and bicalutamide
3004942,fuzzy,L02BB03,bicalutamide,0.7000,generic_name,Bicalutamide 50 mg hetero,TOKEN_MATCH (multi): L02BB03:bicalutamide|L02AE51:leuprorelin and bicalutamide
717891,fuzzy,A03FA01,metoclopramide,0.7000,generic_name,Bio metoclopramide,TOKEN_MATCH: metoclopramide
887003,fuzzy,A02BA01,cimetidine,0.7000,generic_name,Bio-cimetidine,"TOKEN_MATCH (multi): A02BA01:cimetidine|A02BA51:cimetidine, combinations"
886978,fuzzy,A02BA01,cimetidine,0.7000,generic_name,Bio-cimetidine,"TOKEN_MATCH (multi): A02BA01:cimetidine|A02BA51:cimetidine, combinations"
703386,fuzzy,L01CD01,paclitaxel,0.7000,generic_name,Biolyse paclitaxel vial 5ml,TOKEN_MATCH (multi): L01CD01:paclitaxel|L01CD03:paclitaxel poliglumex|L01CD51:paclitaxel and encequidar
707242,fuzzy,A01AB17,metronidazole,0.7000,generic_name,Bio-metronidazole,"TOKEN_MATCH (multi): A01AB17:metronidazole|D06BX01:metronidazole|G01AF01:metronidazole|J01XD01:metronidazole|P01AB01:metronidazole|A02BD01:omeprazole, amoxicillin and metronidazole|A02BD02:lansoprazole, tetracycline and metronidazole|A02BD03:lansoprazole, amoxicillin and metronidazole|A02BD08:bismuth subcitrate, tetracycline and metronidazole|A02BD11:pantoprazole, amoxicillin, clarithromycin and metronidazole|A02BD13:rabeprazole, amoxicillin and metronidazole|A02BD15:vonoprazan, amoxicillin and metronidazole|J01RA03:cefuroxime and metronidazole|J01RA04:spiramycin and metronidazole|J01RA10:ciprofloxacin and metronidazole|J01RA14:norfloxacin and metronidazole|P01AB51:metronidazole and furazolidone|P01AB52:metronidazole and diloxanide"
713793,exact,J01MA02,ciprofloxacin,1.0000,generic_name,Ciprofloxacin,S01AE03:ciprofloxacin|S02AA15:ciprofloxacin|S03AA07:ciprofloxacin
713792,exact,J01MA02,ciprofloxacin,1.0000,generic_name,Ciprofloxacin,S01AE03:ciprofloxacin|S02AA15:ciprofloxacin|S03AA07:ciprofloxacin
716166,fuzzy,C07AB07,bisoprolol,0.7000,generic_name,Bisoprolol unicorn,"TOKEN_MATCH (multi): C07AB07:bisoprolol|C07BB07:bisoprolol and thiazides|C07FB07:bisoprolol and amlodipine|C07FX04:bisoprolol and acetylsalicylic acid|C09BX02:perindopril and bisoprolol|C09BX04:perindopril, bisoprolol and amlodipine|C09BX05:ramipril and bisoprolol|C09BX06:perindopril, bisoprolol, amlodipine and indapamide"
716167,fuzzy,C07AB07,bisoprolol,0.7000,generic_name,Bisoprolol unicorn,"TOKEN_MATCH (multi): C07AB07:bisoprolol|C07BB07:bisoprolol and thiazides|C07FB07:bisoprolol and amlodipine|C07FX04:bisoprolol and acetylsalicylic acid|C09BX02:perindopril and bisoprolol|C09BX04:perindopril, bisoprolol and amlodipine|C09BX05:ramipril and bisoprolol|C09BX06:perindopril, bisoprolol, amlodipine and indapamide"
701425,fuzzy,C02CA04,doxazosin,0.7000,generic_name,Cardugen (was merck-doxazosin),TOKEN_MATCH (multi): C02CA04:doxazosin|G04CA55:doxazosin and finasteride
701426,fuzzy,C02CA04,doxazosin,0.7000,generic_name,Cardugen (was merck-doxazosin),TOKEN_MATCH (multi): C02CA04:doxazosin|G04CA55:doxazosin and finasteride
716743,fuzzy,C07AG02,carvedilol,0.7000,generic_name,Carvedilol unicorn,TOKEN_MATCH (multi): C07AG02:carvedilol|C07FX06:carvedilol and ivabradine
716744,fuzzy,C07AG02,carvedilol,0.7000,generic_name,Carvedilol unicorn,TOKEN_MATCH (multi): C07AG02:carvedilol|C07FX06:carvedilol and ivabradine
716742,fuzzy,C07AG02,carvedilol,0.7000,generic_name,Carvedilol unicorn,TOKEN_MATCH (multi): C07AG02:carvedilol|C07FX06:carvedilol and ivabradine
3003341,fuzzy,J01DB01,cefalexin,0.7000,generic_name,Cefalexin alkem,TOKEN_MATCH: cefalexin
703864,fuzzy,R06AE07,cetirizine,0.7000,generic_name,Cetirizine-hexal,TOKEN_MATCH (multi): R06AE07:cetirizine|S01GX12:cetirizine
838276,fuzzy,A02BA01,cimetidine,0.7000,generic_name,Cimetidine 2ml,"TOKEN_MATCH (multi): A02BA01:cimetidine|A02BA51:cimetidine, combinations"
700284,fuzzy,J01MA02,ciprofloxacin,0.7000,generic_name,Ciprofloxacin 250 pharma-q,TOKEN_MATCH (multi): J01MA02:ciprofloxacin|S01AE03:ciprofloxacin|S02AA15:ciprofloxacin|S03AA07:ciprofloxacin|J01RA10:ciprofloxacin and metronidazole|J01RA11:ciprofloxacin and tinidazole|J01RA12:ciprofloxacin and ornidazole
700287,fuzzy,J01MA02,ciprofloxacin,0.7000,generic_name,Ciprofloxacin 500 pharma-q,TOKEN_MATCH (multi): J01MA02:ciprofloxacin|S01AE03:ciprofloxacin|S02AA15:ciprofloxacin|S03AA07:ciprofloxacin|J01RA10:ciprofloxacin and metronidazole|J01RA11:ciprofloxacin and tinidazole|J01RA12:ciprofloxacin and ornidazole
3007785,fuzzy,L01XA01,cisplatin,0.7000,generic_name,Cisplatin 50mg/50ml oethmaan solution for infusion 50ml vial,TOKEN_MATCH: cisplatin
3000328,fuzzy,N06AB04,citalopram,0.7000,generic_name,Citalopram 20 oethmaan,TOKEN_MATCH: citalopram
3003283,fuzzy,D10AF01,clindamycin,0.7000,generic_name,Clindamycin actor,"TOKEN_MATCH (multi): D10AF01:clindamycin|G01AA10:clindamycin|J01FF01:clindamycin|D10AF51:clindamycin, combinations"
705845,fuzzy,N05AH02,clozapine,0.7000,generic_name,Clozapine 100 oethmaan,TOKEN_MATCH: clozapine
705844,fuzzy,N05AH02,clozapine,0.7000,generic_name,Clozapine 25 oethmaan,TOKEN_MATCH: clozapine
3006085,fuzzy,M04AC01,colchicine,0.7000,generic_name,Colchicine 0.5mg activo,TOKEN_MATCH (multi): M04AC01:colchicine|M04AC51:colchicine and probenecid
168518,fuzzy,B05CX01,glucose,0.7000,generic_name,Contour plus blood glucose test strips,"TOKEN_MATCH (multi): B05CX01:glucose|V04CA02:glucose|V06DC01:glucose|C05BB56:glucose, combinations"
491915,fuzzy,B05CX01,glucose,0.7000,generic_name,Contour ts blood glucose test strips,"TOKEN_MATCH (multi): B05CX01:glucose|V04CA02:glucose|V06DC01:glucose|C05BB56:glucose, combinations"
3007953,fuzzy,B01AE07,dabigatran etexilate,0.7000,generic_name,Dabigatran 150 drl,TOKEN_MATCH: dabigatran etexilate
3007951,fuzzy,B01AE07,dabigatran etexilate,0.7000,generic_name,Dabigatran 75 drl,TOKEN_MATCH: dabigatran etexilate
3006316,fuzzy,L01EA02,dasatinib,0.7000,generic_name,Dasatinib 100 teva,TOKEN_MATCH: dasatinib
3006236,fuzzy,L01EA02,dasatinib,0.7000,generic_name,Dasatinib 20 teva,TOKEN_MATCH: dasatinib
3006248,fuzzy,L01EA02,dasatinib,0.7000,generic_name,Dasatinib 50 teva,TOKEN_MATCH: dasatinib
3006249,fuzzy,L01EA02,dasatinib,0.7000,generic_name,Dasatinib 70 teva,TOKEN_MATCH: dasatinib
788597,fuzzy,D11AX18,diclofenac,0.7000,generic_name,Diclofenac 50mg clicks,"TOKEN_MATCH (multi): D11AX18:diclofenac|M01AB05:diclofenac|M02AA15:diclofenac|S01BC03:diclofenac|M01AB55:diclofenac, combinations|S01CC01:diclofenac and antiinfectives"
718479,exact,D11AX18,diclofenac,1.0000,generic_name,Diclofenac biotech,M01AB05:diclofenac|M02AA15:diclofenac|S01BC03:diclofenac
3003306,fuzzy,L01CD02,docetaxel,0.7000,generic_name,Docetaxel 20 teva concentrate for solution for inf 1ml vial,TOKEN_MATCH: docetaxel
3003307,fuzzy,L01CD02,docetaxel,0.7000,generic_name,Docetaxel 80 teva concentrate for solution for inf 4ml vial,TOKEN_MATCH: docetaxel
722844,exact,A01AB22,doxycycline,1.0000,generic_name,Doxycycline biotech,J01AA02:doxycycline
3006198,fuzzy,N06AX21,duloxetine,0.7000,generic_name,Duloxetine xr 30 biotech,TOKEN_MATCH: duloxetine
3006199,fuzzy,N06AX21,duloxetine,0.7000,generic_name,Duloxetine xr 60 biotech,TOKEN_MATCH: duloxetine
718484,fuzzy,N03AX14,levetiracetam,0.7000,generic_name,Dyna levetiracetam,TOKEN_MATCH: levetiracetam
719973,fuzzy,N06AB06,sertraline,0.7000,generic_name,Dyna sertraline,TOKEN_MATCH: sertraline
719972,fuzzy,N06AB06,sertraline,0.7000,generic_name,Dyna sertraline,TOKEN_MATCH: sertraline
716953,fuzzy,A10BB09,gliclazide,0.7000,generic_name,Dynacaz 30mg mr (was dyna gliclazide sr 30mg),TOKEN_MATCH: gliclazide
710390,fuzzy,N03AX09,lamotrigine,0.7000,generic_name,Dyna-lamotrigine,TOKEN_MATCH: lamotrigine
710387,fuzzy,N03AX09,lamotrigine,0.7000,generic_name,Dyna-lamotrigine,TOKEN_MATCH: lamotrigine
710388,fuzzy,N03AX09,lamotrigine,0.7000,generic_name,Dyna-lamotrigine,TOKEN_MATCH: lamotrigine
721157,fuzzy,N06AB10,escitalopram,0.7000,generic_name,Emerdyne (was macleods escitalopram),TOKEN_MATCH: escitalopram
721159,fuzzy,N06AB10,escitalopram,0.7000,generic_name,Emerdyne (was macleods escitalopram),TOKEN_MATCH: escitalopram
3004847,fuzzy,C09AA02,enalapril,0.7000,generic_name,Enalapril 10 arya,TOKEN_MATCH (multi): C09AA02:enalapril|C09BA02:enalapril and diuretics|C09BB02:enalapril and lercanidipine|C09BB06:enalapril and nitrendipine
3004848,fuzzy,C09AA02,enalapril,0.7000,generic_name,Enalapril 20 arya,TOKEN_MATCH (multi): C09AA02:enalapril|C09BA02:enalapril and diuretics|C09BB02:enalapril and lercanidipine|C09BB06:enalapril and nitrendipine
3004846,fuzzy,C09AA02,enalapril,0.7000,generic_name,Enalapril 5 arya,TOKEN_MATCH (multi): C09AA02:enalapril|C09BA02:enalapril and diuretics|C09BB02:enalapril and lercanidipine|C09BB06:enalapril and nitrendipine
703902,fuzzy,C08CA02,felodipine,0.7000,generic_name,Felodipine 10 kiara (was felodipine-hexal),TOKEN_MATCH (multi): C08CA02:felodipine|C07FB02:metoprolol and felodipine|C09BB05:ramipril and felodipine
703221,fuzzy,C08CA02,felodipine,0.7000,generic_name,Felodipine 5 kiara (was felodipine-hexal),TOKEN_MATCH (multi): C08CA02:felodipine|C07FB02:metoprolol and felodipine|C09BB05:ramipril and felodipine
710372,exact,B03AA02,ferrous fumarate,1.0000,generic_name,Ferrous sulphate,B03AA03:ferrous gluconate|B03AA06:ferrous succinate|B03AA07:ferrous sulfate|B03AA08:ferrous tartrate|B03AA12:ferrous sodium citrate
877832,exact,B03AA02,ferrous fumarate,1.0000,generic_name,Ferrous sulphate,B03AA03:ferrous gluconate|B03AA06:ferrous succinate|B03AA07:ferrous sulfate|B03AA08:ferrous tartrate|B03AA12:ferrous sodium citrate
726540,fuzzy,V03AE04,calcium acetate and magnesium carbonate,0.7000,generic_name,Florinef acetate,TOKEN_MATCH: calcium acetate and magnesium carbonate
723163,fuzzy,J01CF05,flucloxacillin,0.7000,generic_name,Flucloxacillin 250 oethmaan,TOKEN_MATCH: flucloxacillin
838713,fuzzy,N06AB03,fluoxetine,0.7000,generic_name,Fluoxetine 20 oethmaan,TOKEN_MATCH (multi): N06AB03:fluoxetine|N06CA03:fluoxetine and psycholeptics
3004111,fuzzy,D07AC17,fluticasone,0.7000,generic_name,Fluticasone otc teva 120 dose,"TOKEN_MATCH (multi): D07AC17:fluticasone|R01AD08:fluticasone|R03BA05:fluticasone|R01AD12:fluticasone furoate|R01AD58:fluticasone, combinations|R03AK06:salmeterol and fluticasone|R03AK10:vilanterol and fluticasone furoate|R03AK11:formoterol and fluticasone|R03AL08:vilanterol, umeclidinium bromide and fluticasone furoate|R03BA09:fluticasone furoate"
3004171,fuzzy,A10BB09,gliclazide,0.7000,generic_name,Gliclazide mr austell,TOKEN_MATCH: gliclazide
718525,fuzzy,A04AA02,granisetron,0.7000,generic_name,Granisetron teva 3,TOKEN_MATCH: granisetron
718746,fuzzy,N06AA09,amitriptyline,0.7000,generic_name,Gulf amitriptyline,TOKEN_MATCH (multi): N06AA09:amitriptyline|N06CA01:amitriptyline and psycholeptics
712954,fuzzy,C08CA01,amlodipine,0.7000,generic_name,Gulf amlodipine,"TOKEN_MATCH (multi): C08CA01:amlodipine|C07FB07:bisoprolol and amlodipine|C07FB12:nebivolol and amlodipine|C07FB13:metoprolol and amlodipine|C08CA51:amlodipine and celecoxib|C08GA02:amlodipine and diuretics|C09BB03:lisinopril and amlodipine|C09BB04:perindopril and amlodipine|C09BB07:ramipril and amlodipine|C09BB13:benazepril and amlodipine|C09BB14:zofenopril and amlodipine|C09BX01:perindopril, amlodipine and indapamide|C09BX03:ramipril, amlodipine and hydrochlorothiazide|C09BX04:perindopril, bisoprolol and amlodipine|C09BX06:perindopril, bisoprolol, amlodipine and indapamide|C09DB01:valsartan and amlodipine|C09DB02:olmesartan medoxomil and amlodipine|C09DB04:telmisartan and amlodipine|C09DB05:irbesartan and amlodipine|C09DB06:losartan and amlodipine|C09DB07:candesartan and amlodipine|C09DB09:fimasartan and amlodipine|C09DX01:valsartan, amlodipine and hydrochlorothiazide|C09DX03:olmesartan medoxomil, amlodipine and hydrochlorothiazide|C09DX06:candesartan, amlodipine and hydrochlorothiazide|C09DX07:irbesartan, amlodipine and hydrochlorothiazide|C09DX08:telmisartan, amlodipine and hydrochlorothiazide|C09DX09:candesartan, amlodipine and indapamide|C09XA53:aliskiren and amlodipine|C09XA54:aliskiren, amlodipine and hydrochlorothiazide|C10BX03:atorvastatin and amlodipine|C10BX07:rosuvastatin, amlodipine and lisinopril|C10BX09:rosuvastatin and amlodipine|C10BX11:atorvastatin, amlodipine and perindopril|C10BX14:rosuvastatin, amlodipine and perindopril|C10BX18:atorvastatin, amlodipine and ramipril|C10BX19:atorvastatin, amlodipine and candesartan|C10BX23:rosuvastatin, amlodipine and ramipril|C10BX24:rosuvastatin, amlodipine and telmisartan"
712953,fuzzy,C08CA01,amlodipine,0.7000,generic_name,Gulf amlodipine,"TOKEN_MATCH (multi): C08CA01:amlodipine|C07FB07:bisoprolol and amlodipine|C07FB12:nebivolol and amlodipine|C07FB13:metoprolol and amlodipine|C08CA51:amlodipine and celecoxib|C08GA02:amlodipine and diuretics|C09BB03:lisinopril and amlodipine|C09BB04:perindopril and amlodipine|C09BB07:ramipril and amlodipine|C09BB13:benazepril and amlodipine|C09BB14:zofenopril and amlodipine|C09BX01:perindopril, amlodipine and indapamide|C09BX03:ramipril, amlodipine and hydrochlorothiazide|C09BX04:perindopril, bisoprolol and amlodipine|C09BX06:perindopril, bisoprolol, amlodipine and indapamide|C09DB01:valsartan and amlodipine|C09DB02:olmesartan medoxomil and amlodipine|C09DB04:telmisartan and amlodipine|C09DB05:irbesartan and amlodipine|C09DB06:losartan and amlodipine|C09DB07:candesartan and amlodipine|C09DB09:fimasartan and amlodipine|C09DX01:valsartan, amlodipine and hydrochlorothiazide|C09DX03:olmesartan medoxomil, amlodipine and hydrochlorothiazide|C09DX06:candesartan, amlodipine and hydrochlorothiazide|C09DX07:irbesartan, amlodipine and hydrochlorothiazide|C09DX08:telmisartan, amlodipine and hydrochlorothiazide|C09DX09:candesartan, amlodipine and indapamide|C09XA53:aliskiren and amlodipine|C09XA54:aliskiren, amlodipine and hydrochlorothiazide|C10BX03:atorvastatin and amlodipine|C10BX07:rosuvastatin, amlodipine and lisinopril|C10BX09:rosuvastatin and amlodipine|C10BX11:atorvastatin, amlodipine and perindopril|C10BX14:rosuvastatin, amlodipine and perindopril|C10BX18:atorvastatin, amlodipine and ramipril|C10BX19:atorvastatin, amlodipine and candesartan|C10BX23:rosuvastatin, amlodipine and ramipril|C10BX24:rosuvastatin, amlodipine and telmisartan"
715626,fuzzy,C07AB03,atenolol,0.7000,generic_name,Gulf atenolol,"TOKEN_MATCH (multi): C07AB03:atenolol|C07AB11:s-atenolol|C07BB03:atenolol and thiazides|C07CB03:atenolol and other diuretics|C07CB53:atenolol and other diuretics, combinations|C07DB01:atenolol, thiazides and other diuretics|C07FB03:atenolol and nifedipine"
715625,fuzzy,C07AB03,atenolol,0.7000,generic_name,Gulf atenolol,"TOKEN_MATCH (multi): C07AB03:atenolol|C07AB11:s-atenolol|C07BB03:atenolol and thiazides|C07CB03:atenolol and other diuretics|C07CB53:atenolol and other diuretics, combinations|C07DB01:atenolol, thiazides and other diuretics|C07FB03:atenolol and nifedipine"
3001174,fuzzy,N03AF01,carbamazepine,0.7000,generic_name,Gulf carbamazepine,TOKEN_MATCH: carbamazepine
720846,fuzzy,R06AE07,cetirizine,0.7000,generic_name,Gulf cetirizine,TOKEN_MATCH (multi): R06AE07:cetirizine|S01GX12:cetirizine
3001173,fuzzy,C03AA03,hydrochlorothiazide,0.7000,generic_name,Gulf hydrochlorothiazide,"TOKEN_MATCH (multi): C03AA03:hydrochlorothiazide|C03AB03:hydrochlorothiazide and potassium|C03AX01:hydrochlorothiazide, combinations|C03EA01:hydrochlorothiazide and potassium-sparing agents|C09BX03:ramipril, amlodipine and hydrochlorothiazide|C09DX01:valsartan, amlodipine and hydrochlorothiazide|C09DX03:olmesartan medoxomil, amlodipine and hydrochlorothiazide|C09DX06:candesartan, amlodipine and hydrochlorothiazide|C09DX07:irbesartan, amlodipine and hydrochlorothiazide|C09DX08:telmisartan, amlodipine and hydrochlorothiazide|C09XA52:aliskiren and hydrochlorothiazide|C09XA54:aliskiren, amlodipine and hydrochlorothiazide"
730327,fuzzy,N05AD01,haloperidol,0.7000,generic_name,Haloperidol 5 oethmaan,TOKEN_MATCH: haloperidol
730602,fuzzy,B01AB01,heparin,0.7000,generic_name,Heparin sod 1ml-fresenius,"TOKEN_MATCH (multi): B01AB01:heparin|C05BA03:heparin|S01XA14:heparin|B01AB51:heparin, combinations|C05BA53:heparin, combinations"
3002327,fuzzy,B05BB01,electrolytes,0.7000,generic_name,Hydrolec juice + electrolytes apple,TOKEN_MATCH (multi): B05BB01:electrolytes|B05BB02:electrolytes with carbohydrates|B05BB04:electrolytes in combination with other drugs|B05XA30:combinations of electrolytes|B05XA31:electrolytes in combination with other drugs
868221,fuzzy,R05DB16,dibunate,0.9333,generic_name,Ibunate,
711902,fuzzy,L01CE02,irinotecan,0.7000,generic_name,Irinotecan 100 oethmaan 5ml vial,TOKEN_MATCH: irinotecan
711903,fuzzy,L01CE02,irinotecan,0.7000,generic_name,Irinotecan 40 oethmaan 2ml vial,TOKEN_MATCH: irinotecan
784206,exact,C01DA08,isosorbide dinitrate,1.0000,generic_name,Isosorbide Dinitrate),C05AE02:isosorbide dinitrate
784192,exact,C01DA08,isosorbide dinitrate,1.0000,generic_name,Isosorbide Dinitrate),C05AE02:isosorbide dinitrate
710389,fuzzy,N03AX09,lamotrigine,0.7000,generic_name,Lamilepsy (was dyna-lamotrigine),TOKEN_MATCH: lamotrigine
715080,fuzzy,A02BC03,lansoprazole,0.7000,generic_name,Lansoprazole unicorn,"TOKEN_MATCH (multi): A02BC03:lansoprazole|A02BC53:lansoprazole, combinations|A02BD02:lansoprazole, tetracycline and metronidazole|A02BD03:lansoprazole, amoxicillin and metronidazole|A02BD07:lansoprazole, amoxicillin and clarithromycin|A02BD09:lansoprazole, clarithromycin and tinidazole|A02BD10:lansoprazole, amoxicillin and levofloxacin"
3002244,fuzzy,L04AX04,lenalidomide,0.7000,generic_name,Lenalidomide drl,TOKEN_MATCH: lenalidomide
3002245,fuzzy,L04AX04,lenalidomide,0.7000,generic_name,Lenalidomide drl,TOKEN_MATCH: lenalidomide
3002243,fuzzy,L04AX04,lenalidomide,0.7000,generic_name,Lenalidomide drl,TOKEN_MATCH: lenalidomide
3002242,fuzzy,L04AX04,lenalidomide,0.7000,generic_name,Lenalidomide drl,TOKEN_MATCH: lenalidomide
3004945,fuzzy,L02BG04,letrozole,0.7000,generic_name,Letrozole hetero,TOKEN_MATCH: letrozole
722150,fuzzy,N03AX14,levetiracetam,0.7000,generic_name,Levetiracetam unicorn,TOKEN_MATCH: levetiracetam
722151,fuzzy,N03AX14,levetiracetam,0.7000,generic_name,Levetiracetam unicorn,TOKEN_MATCH: levetiracetam
3006915,fuzzy,L01BB02,mercaptopurine,0.7000,generic_name,Mercaptopurine equity,TOKEN_MATCH: mercaptopurine
742465,exact,L01BA01,methotrexate,1.0000,generic_name,Methotrexate,L04AX03:methotrexate
3006139,fuzzy,R03DC03,montelukast,0.7000,generic_name,Montelukast 4 lhc,"TOKEN_MATCH (multi): R03DC03:montelukast|R03DC53:montelukast, combinations"
3006140,fuzzy,R03DC03,montelukast,0.7000,generic_name,Montelukast 5 lhc,"TOKEN_MATCH (multi): R03DC03:montelukast|R03DC53:montelukast, combinations"
3001384,fuzzy,R03DC03,montelukast,0.7000,generic_name,Montelukast lhc,"TOKEN_MATCH (multi): R03DC03:montelukast|R03DC53:montelukast, combinations"
786012,exact,D11AX18,diclofenac,1.0000,generic_name,Diclofenac,M01AB05:diclofenac|M02AA15:diclofenac|S01BC03:diclofenac
786020,exact,D11AX18,diclofenac,1.0000,generic_name,Diclofenac,M01AB05:diclofenac|M02AA15:diclofenac|S01BC03:diclofenac
714109,fuzzy,A04AA02,granisetron,0.7000,generic_name,Granisetron Ampoule 3ml,TOKEN_MATCH: granisetron
3006179,fuzzy,A06AA01,liquid paraffin,0.7000,generic_name,Navalpro liquid,"TOKEN_MATCH (multi): A06AA01:liquid paraffin|A06AA51:liquid paraffin, combinations"
1125497,fuzzy,B05CX01,glucose,0.7000,generic_name,On call plus blood glucose strips,"TOKEN_MATCH (multi): B05CX01:glucose|V04CA02:glucose|V06DC01:glucose|C05BB56:glucose, combinations"
1125498,fuzzy,B05CX01,glucose,0.7000,generic_name,On call sure blood glucose test strips,"TOKEN_MATCH (multi): B05CX01:glucose|V04CA02:glucose|V06DC01:glucose|C05BB56:glucose, combinations"
3006620,fuzzy,A04AA01,ondansetron,0.7000,generic_name,Ondansetron 4mg odt cipla,TOKEN_MATCH: ondansetron
3006622,fuzzy,A04AA01,ondansetron,0.7000,generic_name,Ondansetron 8mg odt cipla,TOKEN_MATCH: ondansetron
717009,fuzzy,L01CD01,paclitaxel,0.7000,generic_name,Paclitaxel 100 eurolab vial 16.7ml,TOKEN_MATCH (multi): L01CD01:paclitaxel|L01CD03:paclitaxel poliglumex|L01CD51:paclitaxel and encequidar
717008,fuzzy,L01CD01,paclitaxel,0.7000,generic_name,Paclitaxel 30 eurolab,TOKEN_MATCH (multi): L01CD01:paclitaxel|L01CD03:paclitaxel poliglumex|L01CD51:paclitaxel and encequidar
717011,fuzzy,L01CD01,paclitaxel,0.7000,generic_name,Paclitaxel 300 eurolab concentrate for inf vial 50ml,TOKEN_MATCH (multi): L01CD01:paclitaxel|L01CD03:paclitaxel poliglumex|L01CD51:paclitaxel and encequidar
889772,fuzzy,G02BA01,plastic IUD,0.7000,generic_name,Painblok (plastic bottle),TOKEN_MATCH (multi): G02BA01:plastic IUD|G02BA02:plastic IUD with copper|G02BA03:plastic IUD with progestogen
3006261,fuzzy,L01EF01,palbociclib,0.7000,generic_name,Palbociclib 100 mg cipla,TOKEN_MATCH: palbociclib
3006262,fuzzy,L01EF01,palbociclib,0.7000,generic_name,Palbociclib 125 mg cipla,TOKEN_MATCH: palbociclib
3006258,fuzzy,L01EF01,palbociclib,0.7000,generic_name,Palbociclib 75 mg cipla,TOKEN_MATCH: palbociclib
3002864,fuzzy,L01EF01,palbociclib,0.7000,generic_name,Palbociclib pfizer,TOKEN_MATCH: palbociclib
3002865,fuzzy,L01EF01,palbociclib,0.7000,generic_name,Palbociclib pfizer,TOKEN_MATCH: palbociclib
3002866,fuzzy,L01EF01,palbociclib,0.7000,generic_name,Palbociclib pfizer,TOKEN_MATCH: palbociclib
3005121,fuzzy,A02BC02,pantoprazole,0.7000,generic_name,Pantoprazole mr 20 mg austell,"TOKEN_MATCH (multi): A02BC02:pantoprazole|A02BD04:pantoprazole, amoxicillin and clarithromycin|A02BD11:pantoprazole, amoxicillin, clarithromycin and metronidazole"
3005122,fuzzy,A02BC02,pantoprazole,0.7000,generic_name,Pantoprazole mr 40 mg austell,"TOKEN_MATCH (multi): A02BC02:pantoprazole|A02BD04:pantoprazole, amoxicillin and clarithromycin|A02BD11:pantoprazole, amoxicillin, clarithromycin and metronidazole"
717783,fuzzy,C09AA04,perindopril,0.7000,generic_name,Perindopril unicorn,"TOKEN_MATCH (multi): C09AA04:perindopril|C09BA04:perindopril and diuretics|C09BB04:perindopril and amlodipine|C09BX01:perindopril, amlodipine and indapamide|C09BX02:perindopril and bisoprolol|C09BX04:perindopril, bisoprolol and amlodipine|C09BX06:perindopril, bisoprolol, amlodipine and indapamide|C10BX11:atorvastatin, amlodipine and perindopril|C10BX12:atorvastatin, acetylsalicylic acid and perindopril|C10BX13:rosuvastatin, perindopril and indapamide|C10BX14:rosuvastatin, amlodipine and perindopril|C10BX15:atorvastatin and perindopril|C10BX21:rosuvastatin and perindopril"
717784,fuzzy,C09AA04,perindopril,0.7000,generic_name,Perindopril unicorn,"TOKEN_MATCH (multi): C09AA04:perindopril|C09BA04:perindopril and diuretics|C09BB04:perindopril and amlodipine|C09BX01:perindopril, amlodipine and indapamide|C09BX02:perindopril and bisoprolol|C09BX04:perindopril, bisoprolol and amlodipine|C09BX06:perindopril, bisoprolol, amlodipine and indapamide|C10BX11:atorvastatin, amlodipine and perindopril|C10BX12:atorvastatin, acetylsalicylic acid and perindopril|C10BX13:rosuvastatin, perindopril and indapamide|C10BX14:rosuvastatin, amlodipine and perindopril|C10BX15:atorvastatin and perindopril|C10BX21:rosuvastatin and perindopril"
754463,fuzzy,N02AB02,pethidine,0.7000,generic_name,Pethidine hcl 1ml-fresenius,"TOKEN_MATCH (multi): N02AB02:pethidine|N02AB52:pethidine, combinations excl. psycholeptics|N02AB72:pethidine, combinations with psycholeptics|N02AG03:pethidine and antispasmodics"
703601,fuzzy,A02BA01,cimetidine,0.7000,generic_name,Pharma-q cimetidine ampoule 2ml,"TOKEN_MATCH (multi): A02BA01:cimetidine|A02BA51:cimetidine, combinations"
705973,fuzzy,A03FA01,metoclopramide,0.7000,generic_name,Pharma-q metoclopramide ampoule 2ml,TOKEN_MATCH: metoclopramide
894951,fuzzy,N02AA01,morphine,0.7000,generic_name,Pharma-q morphine ampoule 1ml,"TOKEN_MATCH (multi): N02AA01:morphine|A07DA52:morphine, combinations|N02AA51:morphine, combinations|N02AG01:morphine and antispasmodics|R05DA05:opium alkaloids with morphine"
895156,fuzzy,N02AB02,pethidine,0.7000,generic_name,Pharma-q pethidine ampoule 1ml,"TOKEN_MATCH (multi): N02AB02:pethidine|N02AB52:pethidine, combinations excl. psycholeptics|N02AB72:pethidine, combinations with psycholeptics|N02AG03:pethidine and antispasmodics"
894958,fuzzy,N02AB02,pethidine,0.7000,generic_name,Pharma-q pethidine ampoule 1ml,"TOKEN_MATCH (multi): N02AB02:pethidine|N02AB52:pethidine, combinations excl. psycholeptics|N02AB72:pethidine, combinations with psycholeptics|N02AG03:pethidine and antispasmodics"
703224,fuzzy,J07BL01,"yellow fever, live attenuated",0.7000,generic_name,Pharmatet (yellow/orange),"TOKEN_MATCH: yellow fever, live attenuated"
754870,fuzzy,N03AB02,phenytoin,0.7000,generic_name,Phenytoin sod,"TOKEN_MATCH (multi): N03AB02:phenytoin|N03AB52:phenytoin, combinations"
3006836,fuzzy,L04AX06,pomalidomide,0.7000,generic_name,Pomalidomide 3mg cipla,TOKEN_MATCH: pomalidomide
3006837,fuzzy,L04AX06,pomalidomide,0.7000,generic_name,Pomalidomide 4mg cipla,TOKEN_MATCH: pomalidomide
3004726,fuzzy,N02BF02,pregabalin,0.7000,generic_name,Pregabalin 150 cipla,TOKEN_MATCH: pregabalin
3004724,fuzzy,N02BF02,pregabalin,0.7000,generic_name,Pregabalin 25 cipla,TOKEN_MATCH: pregabalin
3004725,fuzzy,N02BF02,pregabalin,0.7000,generic_name,Pregabalin 75 cipla,TOKEN_MATCH: pregabalin
757527,fuzzy,D04AA10,promethazine,0.7000,generic_name,Promethazine hcl 1ml fresenius,"TOKEN_MATCH (multi): D04AA10:promethazine|R06AD02:promethazine|R06AD52:promethazine, combinations|V03AB05:prednisolone and promethazine"
882996,fuzzy,A11HA02,pyridoxine (vit B6),0.7000,generic_name,Pyridoxine,TOKEN_MATCH: pyridoxine (vit B6)
723438,fuzzy,A11HA02,pyridoxine (vit B6),0.7000,generic_name,Pyridoxine,TOKEN_MATCH: pyridoxine (vit B6)
710611,fuzzy,C09AA04,perindopril,0.7000,generic_name,Ran-perindopril,"TOKEN_MATCH (multi): C09AA04:perindopril|C09BA04:perindopril and diuretics|C09BB04:perindopril and amlodipine|C09BX01:perindopril, amlodipine and indapamide|C09BX02:perindopril and bisoprolol|C09BX04:perindopril, bisoprolol and amlodipine|C09BX06:perindopril, bisoprolol, amlodipine and indapamide|C10BX11:atorvastatin, amlodipine and perindopril|C10BX12:atorvastatin, acetylsalicylic acid and perindopril|C10BX13:rosuvastatin, perindopril and indapamide|C10BX14:rosuvastatin, amlodipine and perindopril|C10BX15:atorvastatin and perindopril|C10BX21:rosuvastatin and perindopril"
718486,fuzzy,N03AX14,levetiracetam,0.7000,generic_name,Rassetom (was dyna levetiracetam),TOKEN_MATCH: levetiracetam
718485,fuzzy,N03AX14,levetiracetam,0.7000,generic_name,Rassetom (was dyna levetiracetam),TOKEN_MATCH: levetiracetam
3002165,fuzzy,C10AA01,simvastatin,0.7000,generic_name,Roltesim (was Simvastatin 10 strides),"TOKEN_MATCH (multi): C10AA01:simvastatin|A10BH51:sitagliptin and simvastatin|C10BA02:simvastatin and ezetimibe|C10BA04:simvastatin and fenofibrate|C10BX01:simvastatin and acetylsalicylic acid|C10BX04:simvastatin, acetylsalicylic acid and ramipril"
3002166,fuzzy,C10AA01,simvastatin,0.7000,generic_name,Roltesim (was Simvastatin 20 strides),"TOKEN_MATCH (multi): C10AA01:simvastatin|A10BH51:sitagliptin and simvastatin|C10BA02:simvastatin and ezetimibe|C10BA04:simvastatin and fenofibrate|C10BX01:simvastatin and acetylsalicylic acid|C10BX04:simvastatin, acetylsalicylic acid and ramipril"
704174,fuzzy,C10AA01,simvastatin,0.7000,generic_name,Roltesim (was simvastatin 40 strides),"TOKEN_MATCH (multi): C10AA01:simvastatin|A10BH51:sitagliptin and simvastatin|C10BA02:simvastatin and ezetimibe|C10BA04:simvastatin and fenofibrate|C10BX01:simvastatin and acetylsalicylic acid|C10BX04:simvastatin, acetylsalicylic acid and ramipril"
707852,exact,J01FA10,azithromycin,1.0000,generic_name,Azithromycin,S01AA26:azithromycin
721304,fuzzy,L01CA04,vinorelbine,0.7000,generic_name,Vinorelbine Vial 2ml,TOKEN_MATCH: vinorelbine
3008548,fuzzy,C03DA01,spironolactone,0.7000,generic_name,Spironolactone 25mg accord,TOKEN_MATCH: spironolactone
3005318,fuzzy,L04AK02,teriflunomide,0.7000,generic_name,Teriflunomide 14 teva,TOKEN_MATCH: teriflunomide
276640,fuzzy,B05CX01,glucose,0.7000,generic_name,Test strip blood glucose clicks bionime gs550,"TOKEN_MATCH (multi): B05CX01:glucose|V04CA02:glucose|V06DC01:glucose|C05BB56:glucose, combinations"
136701,fuzzy,B05CX01,glucose,0.7000,generic_name,Test strip freestyle optium glucose,"TOKEN_MATCH (multi): B05CX01:glucose|V04CA02:glucose|V06DC01:glucose|C05BB56:glucose, combinations"
1042171,fuzzy,B05CX01,glucose,0.7000,generic_name,Test strip glucose blood fora 6,"TOKEN_MATCH (multi): B05CX01:glucose|V04CA02:glucose|V06DC01:glucose|C05BB56:glucose, combinations"
621608,fuzzy,B05CX01,glucose,0.7000,generic_name,Test strip glucose caresens n 29g,"TOKEN_MATCH (multi): B05CX01:glucose|V04CA02:glucose|V06DC01:glucose|C05BB56:glucose, combinations"
173709,fuzzy,B05CX01,glucose,0.7000,generic_name,Test strip glucose fora diamond blood,"TOKEN_MATCH (multi): B05CX01:glucose|V04CA02:glucose|V06DC01:glucose|C05BB56:glucose, combinations"
1108624,fuzzy,B05CX01,glucose,0.7000,generic_name,Test strip glucose vivachek ino,"TOKEN_MATCH (multi): B05CX01:glucose|V04CA02:glucose|V06DC01:glucose|C05BB56:glucose, combinations"
716356,fuzzy,L01BB05,fludarabine,0.7000,generic_name,Teva fludarabine concentrate for solution vial 2ml,TOKEN_MATCH: fludarabine
3006574,fuzzy,C07AA06,timolol,0.7000,generic_name,Timolol 0.5% w/v fdc 5ml,"TOKEN_MATCH (multi): C07AA06:timolol|S01ED01:timolol|C07BA06:timolol and thiazides|C07DA06:timolol, thiazides and other diuretics|S01ED51:timolol, combinations"
3005311,combo,N02AX02,tramadol,0.5000,generic_name,Tramadol/paracetamol 37.5/325mg austell,"PARTIAL: only matched first of 3 ingredients (tramadol). Other ingredients: paracetamol 37.5, 325mg austell"
718641,fuzzy,A01AB09,miconazole,0.7000,generic_name,Vari miconazole 2%,"TOKEN_MATCH (multi): A01AB09:miconazole|A07AC01:miconazole|D01AC02:miconazole|G01AF04:miconazole|J02AB01:miconazole|S02AA13:miconazole|D01AC52:miconazole, combinations"
701138,fuzzy,A07EA04,betamethasone,0.7000,generic_name,Vari-betamethasone,TOKEN_MATCH (multi): A07EA04:betamethasone|C05AA05:betamethasone|D07AC01:betamethasone|D07XC01:betamethasone|H02AB01:betamethasone|R01AD06:betamethasone|R03BA04:betamethasone|S01BA06:betamethasone|S01CB04:betamethasone|S02BA07:betamethasone|S03BA03:betamethasone|D07BC01:betamethasone and antiseptics|D07CC01:betamethasone and antibiotics|S01BB04:betamethasone and mydriatics|S01CA05:betamethasone and antiinfectives|S03CA06:betamethasone and antiinfectives
700445,fuzzy,A01AC03,hydrocortisone,0.7000,generic_name,Vari-hydrocortisone,"TOKEN_MATCH (multi): A01AC03:hydrocortisone|A07EA02:hydrocortisone|C05AA01:hydrocortisone|D07AA02:hydrocortisone|D07XA01:hydrocortisone|H02AB09:hydrocortisone|S01BA02:hydrocortisone|S01CB03:hydrocortisone|S02BA01:hydrocortisone|D07AB02:hydrocortisone butyrate|D07AB11:hydrocortisone buteprate|D07AC16:hydrocortisone aceponate|D07BA04:hydrocortisone and antiseptics|D07BB04:hydrocortisone butyrate and antiseptics|D07CA01:hydrocortisone and antibiotics|R01AD60:hydrocortisone, combinations|S01BB01:hydrocortisone and mydriatics|S01CA03:hydrocortisone and antiinfectives|S02CA03:hydrocortisone and antiinfectives|S03CA04:hydrocortisone and antiinfectives"
775789,fuzzy,C08DA01,verapamil,0.7000,generic_name,Verapamil 40 oethmaan,"TOKEN_MATCH (multi): C08DA01:verapamil|C08DA51:verapamil, combinations|C09BB10:trandolapril and verapamil"
827851,fuzzy,L01CA01,vinblastine,0.7000,generic_name,Vinblastine pch vial 10ml,TOKEN_MATCH: vinblastine
722790,fuzzy,L01CA01,vinblastine,0.7000,generic_name,Vinblastine teva solution for injection vial 10ml,TOKEN_MATCH: vinblastine
3006817,fuzzy,B01AA03,warfarin,0.7000,generic_name,Warfarin 5 unicorn,TOKEN_MATCH: warfarin
3006318,fuzzy,B01AA03,warfarin,0.7000,generic_name,Warfarin 5mg austell,TOKEN_MATCH: warfarin
188454,fuzzy,A10AB01,insulin (human),0.7000,generic_name,Needle insulin fora pen 31g 5mm,TOKEN_MATCH (multi): A10AB01:insulin (human)|A10AB02:insulin (beef)|A10AB03:insulin (pork)|A10AB04:insulin lispro|A10AB05:insulin aspart|A10AB06:insulin glulisine|A10AC01:insulin (human)|A10AC02:insulin (beef)|A10AC03:insulin (pork)|A10AC04:insulin lispro|A10AD01:insulin (human)|A10AD02:insulin (beef)|A10AD03:insulin (pork)|A10AD04:insulin lispro|A10AD05:insulin aspart|A10AD06:insulin degludec and insulin aspart|A10AE01:insulin (human)|A10AE02:insulin (beef)|A10AE03:insulin (pork)|A10AE04:insulin glargine|A10AE05:insulin detemir|A10AE06:insulin degludec|A10AE07:insulin icodec|A10AE54:insulin glargine and lixisenatide|A10AE56:insulin degludec and liraglutide|A10AE57:insulin icodec and semaglutide|A10AF01:insulin (human)
194605,fuzzy,A10AB01,insulin (human),0.7000,generic_name,Needle insulin fora pen 31g 8mm,TOKEN_MATCH (multi): A10AB01:insulin (human)|A10AB02:insulin (beef)|A10AB03:insulin (pork)|A10AB04:insulin lispro|A10AB05:insulin aspart|A10AB06:insulin glulisine|A10AC01:insulin (human)|A10AC02:insulin (beef)|A10AC03:insulin (pork)|A10AC04:insulin lispro|A10AD01:insulin (human)|A10AD02:insulin (beef)|A10AD03:insulin (pork)|A10AD04:insulin lispro|A10AD05:insulin aspart|A10AD06:insulin degludec and insulin aspart|A10AE01:insulin (human)|A10AE02:insulin (beef)|A10AE03:insulin (pork)|A10AE04:insulin glargine|A10AE05:insulin detemir|A10AE06:insulin degludec|A10AE07:insulin icodec|A10AE54:insulin glargine and lixisenatide|A10AE56:insulin degludec and liraglutide|A10AE57:insulin icodec and semaglutide|A10AF01:insulin (human)
188452,fuzzy,A10AB01,insulin (human),0.7000,generic_name,Needle insulin fora pen 32g 4mm,TOKEN_MATCH (multi): A10AB01:insulin (human)|A10AB02:insulin (beef)|A10AB03:insulin (pork)|A10AB04:insulin lispro|A10AB05:insulin aspart|A10AB06:insulin glulisine|A10AC01:insulin (human)|A10AC02:insulin (beef)|A10AC03:insulin (pork)|A10AC04:insulin lispro|A10AD01:insulin (human)|A10AD02:insulin (beef)|A10AD03:insulin (pork)|A10AD04:insulin lispro|A10AD05:insulin aspart|A10AD06:insulin degludec and insulin aspart|A10AE01:insulin (human)|A10AE02:insulin (beef)|A10AE03:insulin (pork)|A10AE04:insulin glargine|A10AE05:insulin detemir|A10AE06:insulin degludec|A10AE07:insulin icodec|A10AE54:insulin glargine and lixisenatide|A10AE56:insulin degludec and liraglutide|A10AE57:insulin icodec and semaglutide|A10AF01:insulin (human)
188458,fuzzy,A10AB01,insulin (human),0.7000,generic_name,Needle insulin fora pen 32g 6mm,TOKEN_MATCH (multi): A10AB01:insulin (human)|A10AB02:insulin (beef)|A10AB03:insulin (pork)|A10AB04:insulin lispro|A10AB05:insulin aspart|A10AB06:insulin glulisine|A10AC01:insulin (human)|A10AC02:insulin (beef)|A10AC03:insulin (pork)|A10AC04:insulin lispro|A10AD01:insulin (human)|A10AD02:insulin (beef)|A10AD03:insulin (pork)|A10AD04:insulin lispro|A10AD05:insulin aspart|A10AD06:insulin degludec and insulin aspart|A10AE01:insulin (human)|A10AE02:insulin (beef)|A10AE03:insulin (pork)|A10AE04:insulin glargine|A10AE05:insulin detemir|A10AE06:insulin degludec|A10AE07:insulin icodec|A10AE54:insulin glargine and lixisenatide|A10AE56:insulin degludec and liraglutide|A10AE57:insulin icodec and semaglutide|A10AF01:insulin (human)
1101043,fuzzy,A10AB01,insulin (human),0.7000,generic_name,Needle insulin pen verifine 4mmx10cmx15cm 32g,TOKEN_MATCH (multi): A10AB01:insulin (human)|A10AB02:insulin (beef)|A10AB03:insulin (pork)|A10AB04:insulin lispro|A10AB05:insulin aspart|A10AB06:insulin glulisine|A10AC01:insulin (human)|A10AC02:insulin (beef)|A10AC03:insulin (pork)|A10AC04:insulin lispro|A10AD01:insulin (human)|A10AD02:insulin (beef)|A10AD03:insulin (pork)|A10AD04:insulin lispro|A10AD05:insulin aspart|A10AD06:insulin degludec and insulin aspart|A10AE01:insulin (human)|A10AE02:insulin (beef)|A10AE03:insulin (pork)|A10AE04:insulin glargine|A10AE05:insulin detemir|A10AE06:insulin degludec|A10AE07:insulin icodec|A10AE54:insulin glargine and lixisenatide|A10AE56:insulin degludec and liraglutide|A10AE57:insulin icodec and semaglutide|A10AF01:insulin (human)
1101038,fuzzy,A10AB01,insulin (human),0.7000,generic_name,Needle insulin pen verifine 4mmx10cmx15cm 33g,TOKEN_MATCH (multi): A10AB01:insulin (human)|A10AB02:insulin (beef)|A10AB03:insulin (pork)|A10AB04:insulin lispro|A10AB05:insulin aspart|A10AB06:insulin glulisine|A10AC01:insulin (human)|A10AC02:insulin (beef)|A10AC03:insulin (pork)|A10AC04:insulin lispro|A10AD01:insulin (human)|A10AD02:insulin (beef)|A10AD03:insulin (pork)|A10AD04:insulin lispro|A10AD05:insulin aspart|A10AD06:insulin degludec and insulin aspart|A10AE01:insulin (human)|A10AE02:insulin (beef)|A10AE03:insulin (pork)|A10AE04:insulin glargine|A10AE05:insulin detemir|A10AE06:insulin degludec|A10AE07:insulin icodec|A10AE54:insulin glargine and lixisenatide|A10AE56:insulin degludec and liraglutide|A10AE57:insulin icodec and semaglutide|A10AF01:insulin (human)
497746,fuzzy,A10AB01,insulin (human),0.7000,generic_name,Syringe insulin 1.0ml with 27g needle,TOKEN_MATCH (multi): A10AB01:insulin (human)|A10AB02:insulin (beef)|A10AB03:insulin (pork)|A10AB04:insulin lispro|A10AB05:insulin aspart|A10AB06:insulin glulisine|A10AC01:insulin (human)|A10AC02:insulin (beef)|A10AC03:insulin (pork)|A10AC04:insulin lispro|A10AD01:insulin (human)|A10AD02:insulin (beef)|A10AD03:insulin (pork)|A10AD04:insulin lispro|A10AD05:insulin aspart|A10AD06:insulin degludec and insulin aspart|A10AE01:insulin (human)|A10AE02:insulin (beef)|A10AE03:insulin (pork)|A10AE04:insulin glargine|A10AE05:insulin detemir|A10AE06:insulin degludec|A10AE07:insulin icodec|A10AE54:insulin glargine and lixisenatide|A10AE56:insulin degludec and liraglutide|A10AE57:insulin icodec and semaglutide|A10AF01:insulin (human)
528007,fuzzy,A10AB01,insulin (human),0.7000,generic_name,Syringe insulin bd microfine 12.7mm 1ml 9g,TOKEN_MATCH (multi): A10AB01:insulin (human)|A10AB02:insulin (beef)|A10AB03:insulin (pork)|A10AB04:insulin lispro|A10AB05:insulin aspart|A10AB06:insulin glulisine|A10AC01:insulin (human)|A10AC02:insulin (beef)|A10AC03:insulin (pork)|A10AC04:insulin lispro|A10AD01:insulin (human)|A10AD02:insulin (beef)|A10AD03:insulin (pork)|A10AD04:insulin lispro|A10AD05:insulin aspart|A10AD06:insulin degludec and insulin aspart|A10AE01:insulin (human)|A10AE02:insulin (beef)|A10AE03:insulin (pork)|A10AE04:insulin glargine|A10AE05:insulin detemir|A10AE06:insulin degludec|A10AE07:insulin icodec|A10AE54:insulin glargine and lixisenatide|A10AE56:insulin degludec and liraglutide|A10AE57:insulin icodec and semaglutide|A10AF01:insulin (human)
528008,fuzzy,A10AB01,insulin (human),0.7000,generic_name,Syringe insulin bd microfine 1ml 8mm 30g,TOKEN_MATCH (multi): A10AB01:insulin (human)|A10AB02:insulin (beef)|A10AB03:insulin (pork)|A10AB04:insulin lispro|A10AB05:insulin aspart|A10AB06:insulin glulisine|A10AC01:insulin (human)|A10AC02:insulin (beef)|A10AC03:insulin (pork)|A10AC04:insulin lispro|A10AD01:insulin (human)|A10AD02:insulin (beef)|A10AD03:insulin (pork)|A10AD04:insulin lispro|A10AD05:insulin aspart|A10AD06:insulin degludec and insulin aspart|A10AE01:insulin (human)|A10AE02:insulin (beef)|A10AE03:insulin (pork)|A10AE04:insulin glargine|A10AE05:insulin detemir|A10AE06:insulin degludec|A10AE07:insulin icodec|A10AE54:insulin glargine and lixisenatide|A10AE56:insulin degludec and liraglutide|A10AE57:insulin icodec and semaglutide|A10AF01:insulin (human)
528024,fuzzy,A10AB01,insulin (human),0.7000,generic_name,Syringe insulin bd microfine 8mm demi 0.3ml 30g,TOKEN_MATCH (multi): A10AB01:insulin (human)|A10AB02:insulin (beef)|A10AB03:insulin (pork)|A10AB04:insulin lispro|A10AB05:insulin aspart|A10AB06:insulin glulisine|A10AC01:insulin (human)|A10AC02:insulin (beef)|A10AC03:insulin (pork)|A10AC04:insulin lispro|A10AD01:insulin (human)|A10AD02:insulin (beef)|A10AD03:insulin (pork)|A10AD04:insulin lispro|A10AD05:insulin aspart|A10AD06:insulin degludec and insulin aspart|A10AE01:insulin (human)|A10AE02:insulin (beef)|A10AE03:insulin (pork)|A10AE04:insulin glargine|A10AE05:insulin detemir|A10AE06:insulin degludec|A10AE07:insulin icodec|A10AE54:insulin glargine and lixisenatide|A10AE56:insulin degludec and liraglutide|A10AE57:insulin icodec and semaglutide|A10AF01:insulin (human)
